Product Name,Product Price
"Tomato, 3lt Basket",$4.97
"Young Coconut, 2.1 lb - 2.5 lb each",$3.98
"Aloe Vera Leaves, Sold by Leaf",$3.24
"Guava, Sold in singles",$8.76
"Clementines, 2.3 Kg",$5.97
"Tuna Salad with Quinoa & Olive Oil, Tuna Salad Quinoa & OO 160g",$3.97
"Thai ""N"" Cashew Chopped Kit, Thai ""N"" Cashew Chop kit",$4.97
"Your Fresh Market Chopped Romaine Lettuce, 255 g",$3.47
"Strawberries, Organic, 1 lb",$5.97
"Mann's Stringless Sugar Snap Peas, 1.5 lb",$9.97
"Bitter Melon, Sold in singles, 0.19 - 0.75 kg",$2.98
"Sugar Bomb Tomatoes, 1 EA",$5.47
"Peppers, Organic, 1 lb bag",$4.97
"Bolthouse Farms Carrot Sticks, 340 g",$3.47
"Dragon Fruit, Sold in singles",$2.97
"Cilantro Seasoning Paste, 4 oz",$3.97
"Hot Peppers, Scorpion, Your Fresh Market, 60 g",$4.97
"Aurora Garlic Puree, 125g",$2.47
"Yellow Turmeric, Turmeric",$1.88
"Carrots, Baby, Bolthouse Farms, 2 oz",$2.97
"Romaine Hearts, 6 CT",$7.97
"Tomatoes, Campari 1lb, 1 lb",$3.97
"Rutabaga, Sold in singles, 0.76 - 1.12 kg",$2.15
"Sunset Flavor Bombs 12oz, Sunset Flavor Bombs Tomatoes 12oz",$5.47
"Extra Large Party Fruit Tray, Your Fresh Market, 1.3 kg",$15.97
"Sunset Wild Wonders Tomatoes, 1.5lb, Enjoy these Sunset Wild Wonders Gourmet Medley Tomatoes!",$6.97
"Fresh Express Twisted Caesar Avocado Caesar Chopped Salad Kit, 275 g",$4.47
"Apple, Granny Smith, 3 lb",$6.97
"Grapefruit, Large Red, Sold in singles",$1.77
"Fresh Express Smokehouse Chopped Salad Kit, 298 g",$4.47
"Vegetable Tray, 18 oz",$7.97
"Cauliflower, Mann's, 10 oz",$4.27
"Your Fresh Market Cantaloupe Chunks, 280 g",$3.97
"Potato, Russet, 10 lb bag",$5.97
"Pear, Anjou, Sold in singles, 0.25 - 0.26 kg",$1.42
"Broccolini, Mann's, 6 oz",$4.97
"Ginger, Organic, 4.7 oz",$3.47
"Taylor Farms Dill Pickle Chopped Salad Kit, 333 g",$5.97
"Tomatoes, Organic Grape, 10 oz",$3.97
"Aurora Minced Garlic, 250g",$3.97
"Potato, Russet, Sold in singles, 0.24 - 0.42 kg",$1.35
"Your Fresh Market Organic Oranges, 3 lb",$7.97
"Your Fresh Market San Marino Lettuce Blend, 454 g",$5.97
"Your Fresh Market Butter Lettuce Blend Salad Mix, 170 g",$3.47
"Your Fresh Market Organic Sweet Potatoes, 3 lb",$5.97
"Apple, Golden Delicious, 3 lb Bag",$5.97
"Radish, Red, Sold in bunches",$1.47
"Organic Green Bean, 340 g Bag",$4.47
"Celery, Sticks, Sold in bunches",$4.97
"Fresh Attitude Spring Mix with Toppings, 12 oz",$8.97
"Your Fresh Market Organic Lemons, 2 lb Bag",$6.97
"Dill, 1 Bunch",$2.47
"Your Fresh Market Value Size Iceberg Garden Salad Mix, 680 g",$4.97
"Mann's Broccoli and Cauliflower, 12 oz",$4.27
"Your Fresh Market Watermelon Spears, 590 g",$6.47
"Nectarines, Yellow Flesh, Sold in singles, 0.11 - 0.14 kg",90¢
"Fresh Thyme, Your Fresh Market, 7 g",77¢
"Your Fresh Market Pineapple Chunks, 280 g",$3.97
"Corn on the cob, Pack of 4",$3.97
"Your Fresh Market Organic Baby Spinach, 283 g",$6.97
"Your Fresh Market Iceberg Garden Salad, 340 g",$3.47
"Apple, Macintosh, 3 lb Bag",$5.97
"Cucumber, Seedless, Sold in singles",$1.77
"Grapes, Green Seedless, 1 Bag, 0.63 - 1.00 kg",$6.55
"Fresh Basil, Your Fresh Market, 28 g",$1.97
"Your Fresh Market Shredded Iceberg Lettuce, 227 g",$2.97
"Fresh Attitude Spring Mix Salad Kit, 5.3 oz",$4.97
"Your Fresh Market Red Potatoes, 5 lb",$4.97
"Your Fresh Market Organic Carrots, 2 lb",$3.97
"Your Fresh Market Baby Spinach, 454 g",$5.97
"Your Fresh Market Sunflower Crunch Salad Kit, 320 g",$3.97
"Potato, White, Your Fresh Market, 5 lb",$5.97
"Banana, Sold in singles, 0.15 - 0.23 kg",30¢
"Strawberries, 1 lb.",$4.97
