Product Name,Product Price,Keywords
"Catelli Gluten Free Macaroni Pasta, 340g, 340 g",2.97,macaroni_pasta_
"Annie's™ Gluten Free Rice Pasta & White Cheddar Macaroni & Cheese, 170 g",2.97,rice_pasta_white_cheddar_macaroni_cheese_
"Catelli Classic All-Natural Fusilli Pasta, 500g, 500 g",2.27,classic_pasta_
"Olivieri Fresh Classic Skillet Gnocchi, Potato Gnocchi, 700 g",9.47,classic_gnocchi_potato_
"Annie's Vegan Macaroni & Cheddar Flavour, Canada Organic, 170 g, 2 Servings, 170 g",2.97,vegan_macaroni_cheddar_
"Annie's Homegrown Macaroni & Cheese, White Cheddar, Microwavable, 57 g, 57 g",2.97,macaroni_cheese_white_cheddar_
"Divella Tri Colour Farfalle Pasta - Three Colour Bowtie Pasta, 500 g",2.97,pasta_
"SPAGHETTI PASTA, E-AURORA LE VENEZIANE SPAGHET",2.97,spaghetti_pasta_
"Annie's Marvel Spidey and His Amazing Friends Macaroni & Cheese, with Real Cheddar, 170 g",2.97,macaroni_cheese_cheddar_
"PENNE RIGATE PASTA, E-AURORA LE VENEZIANE PENNE R",2.97,pasta_
"Kraft Dinner - Mac & Cheese - Gluten Free - 170g , 170G",2.67,kraft_dinner_mac_cheese_
"Kraft Dinner White Cheddar Macaroni & Cheese, 175g",2.27,kraft_dinner_white_cheddar_macaroni_cheese_
"No Yolks Extra Broad Egg White Noodles Pasta, 340 g",2.97,extra_egg_white_noodles_pasta_
"Catelli Gluten Free Penne Rigate Pasta, 340g, 340 g",2.97,pasta_
"Fiorfiore bronze dyed 12.5% proteins Farfalle Pasta, 500g (17,6oz) 12,5% proteins",1.77,pasta_
"Fiorfiore bronze dyed 12.5% proteins Spaghetti Pasta, 500g (17,6 oz) 12,5% proteins",1.77,spaghetti_pasta_
"Great Value Extra Virgin Olive Oil Cooking Spray, 400 g",6.97,extra_virgin_olive_oil_
"VRK MUSTARD OIL, VRK MUSTARD OIL",3.77,mustard_oil_
"Extra Virgin Olive Oil with Rosemary Flavoring, 250ml",7.97,extra_virgin_olive_oil_
"Nonna Pia's Organic Apple Cider Vinegar, Nonna Pia's Organic Apple Cider Vinegar",5.97,apple_cider_vinegar_
"Ponti Organic Balsamic Vinegar, 250 ML",4.97,vinegar_
"Nanak Pure Desi Ghee, 800 g, Clarified Butter",14.98,ghee_butter_
"Allen's Apple Cider Vinegar, 4L",6.47,apple_cider_vinegar_
"Extra Virgin Olive Oil with Truffle Flavouring, 250ml",7.97,extra_virgin_olive_oil_truffle_
"Extra Virgin Olive Oil with Chilli Flavouring, 250ml",7.97,extra_virgin_olive_oil_
"Ancestral Apple Cider Vinegar, 1L, 1 L",6.97,apple_cider_vinegar_
"Extra virgin olive oil, 500ml",12.97,extra_virgin_olive_oil_
"Great Value Pure White Vinegar, 4 L",2.27,white_vinegar_
"Great Value Pure White Vinegar, 1 L",0.97,white_vinegar_
"Great Value Vegetable Oil, 1 L",4.97,vegetable_oil_
"Great Value Vegetable Oil, Vegetable Oil",9.97,vegetable_oil_
"Great Value Canola Oil, 1 L",4.97,canola_oil_
"Great Value Extra Virgin Olive Oil, 1 L",13.97,extra_virgin_olive_oil_
"Great Value Apple Cider Vinegar, 500 mL",1.47,apple_cider_vinegar_
"Great Value Canola Oil Cooking Spray, 400 g",4.97,canola_oil_
"Great Value Refined Avocado Oil, 1 L",13.97,avocado_oil_
"Plochman’s Sunflower Oil, 1 L",4.97,sunflower_oil_
"Schneiders Juicy Jumbos Hot & Spicy Hot Dogs, 450 g",8.97,hot_dogs_
"Piller's Tuscan Style Salami, 300g",10.97,style_salami_
"Schneiders Stadium Size Footlong Wieners, 375 g",8.97,wieners_
"Maple Leaf Natural Smoked Cheddar Sausage, 375 g",8.97,maple_leaf_smoked_cheddar_sausage_
"Foodfest M - Salmon Steelhead Smoked PY 140g, M - Salmon Steelhead Smoked PY",12.97,salmon_smoked_
"Maple Leaf Sweet & Sour Fresh Pork Side Ribs, 3 pork ribs, 1.30 - 1.90 kg",24.66,maple_leaf_sweet_sour_pork_side_ribs_
"Maple Leaf Natural Smoked Honey Garlic Sausage, 375 g",8.97,maple_leaf_smoked_honey_garlic_sausage_
"Mehadrin Kosher Regular Ground Beef, 500 - 600 g",24.99,ground_beef_
"Kosher Chicken Thighs, Kosher Fresh Chicken Parts",10.97,chicken_
"Maple Leaf Natural Smoked Original Sausage, 375 g",8.97,maple_leaf_smoked_sausage_
"Chicken Burgers, 904g",9.97,chicken_
"Schneiders Hickory Smoked Classic Cut Bacon, 375 g",8.97,smoked_classic_cut_bacon_
"Shopsys Deli-Fresh All Beef Wieners, 375 g",6.97,beef_wieners_
"HC CHICKEN FAJITA, Chicken Fajita",4.98,chicken_fajita_
"Beyond Meat Plant-Based Breakfast Sausage, 235g, Beyond Meat Plant-Based Breakfast Sausage, 235g",6.97,meat_based_breakfast_sausage_
"Sunrise Smoked Tofu, 180 g",4.47,sunrise_smoked_tofu_
"Mina Halal Chicken Wieners, 450 g",3.47,chicken_wieners_
"Yves Veggie Bologna, 155 g, Veggie Bologna",4.47,bologna_
"Yves Veggie Bacon Strips, 156g, Veggie Bacon Strips",4.97,bacon_strips_
"Yves Mexican Ground Round, 340g, Veggie Ground Round",5.47,mexican_ground_
"Sunrise Soft Tofu, SR Soft Tofu",1.67,sunrise_tofu_
"Prime Organic Bone-In Chicken Thigh, 4 Thighs",7,chicken_thigh_
"Halal Beef Inside Round Steak, Your Fresh Market, 2 portions, AAA Angus Beef, 0.39 - 0.54 kg",14.37,beef_steak_
"Schneiders All Beef Hot Dogs, 375 g",8.97,beef_hot_dogs_
"Prime Organic Chicken Drumsticks, 5 Drumsticks",7,chicken_
"Yves The Good Veggie Burger, 300 g, Veggie Burger",4.97,burger_
"Maple Leaf Original Natural Bacon, 375 g",8.97,maple_leaf_bacon_
"Maple Leaf Ready Crisp Fully Cooked Natural Bacon Bits, 85 g",6.97,maple_leaf_crisp_bacon_bits_
"Deli Express Salt & Pepper Chicken Wings, 505 g",9.47,salt_pepper_chicken_wings_
"Schneiders Classic Hot Dogs, 375 g",5.97,classic_hot_dogs_
"Great Value Italian Style Beef Meatballs, 350 g",8.47,italian_style_beef_meatballs_
"Our Finest Shrimp Ring, 240 g",5.97,shrimp_
"Gardein Chick'n Strips Meat Free, 225 g",6.57,chick_strips_meat_
"Boneless Beef Shank, Your Fresh Market, 1 kg, AAA Angus Beef, 0.93 - 2.25 kg",42.71,beef_
"Beef T-Bone Steak, Your Fresh Market, 1 steak, AAA Angus Beef, 0.55 - 0.63 kg",25.92,beef_steak_
"Schneiders Red Hots Original Hot Dogs, 375 g",5.97,red_hot_dogs_
"Your Fresh Market Lemon & Herb Atlantic Salmon Portion, 1 piece, 0.40 - 0.50 kg",18.49,lemon_herb_salmon_
"Halal Bone-In Beef Shank, Your Fresh Market, 1-2 steaks, AAA Angus beef, 0.45 - 0.72 kg",11.85,beef_
"Watson Ridge Seasoned Chicken Breasts, BBQ, WR Chicken Breast, BBQ",15.97,seasoned_chicken_bbq_breast_
"Marcangelo Carnitas, pork shoulder portion 800g",11,pork_
"Your Fresh Market Rainbow Trout Fillet, 1 piece, 0.28 - 0.45 kg",13.85,trout_fillet_
"Maple Leaf Maple Pork Breakfast Sausage, 12 Breakfast Sausages",5.98,maple_leaf_pork_breakfast_sausage_sausages_
"Butcher Style Chorizo Dinner Sausages, Your Fresh Market, 500 g",4.97,style_chorizo_dinner_sausages_
"Aquamar Classic Leg Style Surimi 340g, 340g / 12 pieces",3.98,classic_leg_style_pieces_
"Great Value Secret Recipe Series Hot Honey Flavoured Pork Back Ribs, 500 g",9.97,hot_honey_pork_back_ribs_
"Golden Maple Extra Lean Ground Turkey, Raw, Golden Maple Extra Lean Ground Turkey, Raw",2.97,golden_maple_extra_ground_turkey_raw_
"Golden Maple Extra Lean Raw Ground Chicken, GM XL Raw Ground Chicken",2.97,golden_maple_extra_raw_ground_chicken_
"Beef Braising Chuck Short Rib Cut From Canada AAA, Beef Braising Chuck Short Rib, 0.60 - 0.85 kg",23.35,beef_short_cut_
"Prime Whole Chicken Raised Without Antibiotics, 1 Whole Chicken",17.58,whole_chicken_
"Your Fresh Market Chicken Breast Lemon & Herb Skewers, 2 x 80 g (160 g total)",3.97,chicken_breast_lemon_herb_
"Top Sirloin Cap Off Beef Steak, Your Fresh Market, 2-4 Steaks, AAA Angus Beef, 0.35 - 0.65 kg",18.19,sirloin_beef_steak_
"Maple Leaf Whole Chicken, 1 Whole Chicken, 1.44 - 2.00 kg",12.92,maple_leaf_whole_chicken_
"Mina Halal Boneless Skinless Chicken Breast, 4 Breasts",14,chicken_breast_
"Prime Boneless Skinless Chicken Thighs, Raised Without Antibiotics, 8 Thighs",15.48,chicken_
"Strip Loin Beef Steak, Your Fresh Market, 1 Steak, AAA Angus Beef, 0.20 - 0.50 kg",23.99,strip_beef_steak_
"Maple Leaf Whole Chicken Wings, 10 Wings, 0.81 - 0.99 kg",12.85,maple_leaf_whole_chicken_wings_
"Great Value Chicken Wieners (Value Size), 1.5 kg",5.97,chicken_wieners_
"Sirloin Tip Beef Roast, Your Fresh Market, 1 piece, AAA Angus Beef, 0.82 - 1.02 kg",22.20,sirloin_beef_roast_
"Great Value Boneless Smoked Ham, 1.4 kg",15.97,smoked_ham_
"Maple Leaf Original Pork Breakfast Sausage, 26 Sausages, Value Pack",11.97,maple_leaf_pork_breakfast_sausage_sausages_
"Boneless Skinless Chicken Breasts, 4 Breasts",14,chicken_
"Great Value Naturally Smoked Bacon, 375 g",4.87,smoked_bacon_
"Great Value Original Wieners, 24 wieners, 900 g",5,wieners_
"Great Value Thick Sliced Naturally Smoked Bacon, 375 g",4.87,sliced_smoked_bacon_
"Ground Beef Regular Tube, Your Fresh Market, 454 g (1 lb)",4.97,ground_beef_
"Maple Leaf Boneless Skinless Chicken Breasts, 6 Breasts, Value Pack",20,maple_leaf_chicken_
"Marcangelo Chicken Kabobs, 8 kabobs, 480 g",13.97,chicken_
"Prime Boneless Skinless Chicken Breast, Raised Without Antibiotics, 3 Breasts",14,chicken_breast_
"Great Value Maple Flavoured Bacon, Great Value maple bacon",4.87,maple_bacon_
"Great Value BBQ Pork Back Ribs, 500 g",9.97,bbq_pork_back_ribs_
"Tomato, 3lt Basket",4.97,tomato_
"Young Coconut, 2.1 lb - 2.5 lb each",3.98,coconut_
"Aloe Vera Leaves, Sold by Leaf",3.24,aloe_vera_leaves_leaf_
"Guava, Sold in singles",8.76,guava_
"Clementines, 2.3 Kg",5.97,
"Tuna Salad with Quinoa & Olive Oil, Tuna Salad Quinoa & OO 160g",3.97,tuna_salad_quinoa_olive_oil_
"Thai ""N"" Cashew Chopped Kit, Thai ""N"" Cashew Chop kit",4.97,thai_cashew_chopped_kit_chop_
"Your Fresh Market Chopped Romaine Lettuce, 255 g",3.47,chopped_romaine_lettuce_
"Strawberries, Organic, 1 lb",5.97,strawberries_
"Mann's Stringless Sugar Snap Peas, 1.5 lb",9.97,sugar_peas_
"Bitter Melon, Sold in singles, 0.19 - 0.75 kg",2.98,bitter_melon_
"Sugar Bomb Tomatoes, 1 EA",5.47,sugar_tomatoes_
"Peppers, Organic, 1 lb bag",4.97,peppers_
"Bolthouse Farms Carrot Sticks, 340 g",3.47,carrot_sticks_
"Dragon Fruit, Sold in singles",2.97,dragon_fruit_
"Cilantro Seasoning Paste, 4 oz",3.97,cilantro_seasoning_paste_
"Hot Peppers, Scorpion, Your Fresh Market, 60 g",4.97,hot_peppers_
"Aurora Garlic Puree, 125g",2.47,garlic_puree_
"Yellow Turmeric, Turmeric",1.88,yellow_
"Carrots, Baby, Bolthouse Farms, 2 oz",2.97,carrots_baby_
"Romaine Hearts, 6 CT",7.97,romaine_hearts_
"Tomatoes, Campari 1lb, 1 lb",3.97,tomatoes_
"Rutabaga, Sold in singles, 0.76 - 1.12 kg",2.15,rutabaga_
"Sunset Flavor Bombs 12oz, Sunset Flavor Bombs Tomatoes 12oz",5.47,tomatoes_
"Extra Large Party Fruit Tray, Your Fresh Market, 1.3 kg",15.97,extra_fruit_
"Sunset Wild Wonders Tomatoes, 1.5lb, Enjoy these Sunset Wild Wonders Gourmet Medley Tomatoes!",6.97,wild_tomatoes_medley_
"Fresh Express Twisted Caesar Avocado Caesar Chopped Salad Kit, 275 g",4.47,caesar_avocado_chopped_salad_kit_
"Apple, Granny Smith, 3 lb",6.97,apple_granny_smith_
"Grapefruit, Large Red, Sold in singles",1.77,grapefruit_red_
"Fresh Express Smokehouse Chopped Salad Kit, 298 g",4.47,chopped_salad_kit_
"Vegetable Tray, 18 oz",7.97,vegetable_
"Cauliflower, Mann's, 10 oz",4.27,cauliflower_
"Your Fresh Market Cantaloupe Chunks, 280 g",3.97,cantaloupe_chunks_
"Potato, Russet, 10 lb bag",5.97,potato_
"Pear, Anjou, Sold in singles, 0.25 - 0.26 kg",1.42,pear_anjou_
"Broccolini, Mann's, 6 oz",4.97,broccolini_
"Ginger, Organic, 4.7 oz",3.47,ginger_
"Taylor Farms Dill Pickle Chopped Salad Kit, 333 g",5.97,dill_chopped_salad_kit_
"Tomatoes, Organic Grape, 10 oz",3.97,tomatoes_grape_
"Aurora Minced Garlic, 250g",3.97,garlic_
"Potato, Russet, Sold in singles, 0.24 - 0.42 kg",1.35,potato_
"Your Fresh Market Organic Oranges, 3 lb",7.97,oranges_
"Your Fresh Market San Marino Lettuce Blend, 454 g",5.97,lettuce_blend_
"Your Fresh Market Butter Lettuce Blend Salad Mix, 170 g",3.47,butter_lettuce_blend_salad_mix_
"Your Fresh Market Organic Sweet Potatoes, 3 lb",5.97,sweet_potatoes_
"Apple, Golden Delicious, 3 lb Bag",5.97,apple_golden_
"Radish, Red, Sold in bunches",1.47,radish_red_
"Organic Green Bean, 340 g Bag",4.47,green_bean_
"Celery, Sticks, Sold in bunches",4.97,celery_sticks_
"Fresh Attitude Spring Mix with Toppings, 12 oz",8.97,spring_mix_toppings_
"Your Fresh Market Organic Lemons, 2 lb Bag",6.97,
"Dill, 1 Bunch",2.47,dill_
"Your Fresh Market Value Size Iceberg Garden Salad Mix, 680 g",4.97,garden_salad_mix_
"Mann's Broccoli and Cauliflower, 12 oz",4.27,broccoli_cauliflower_
"Your Fresh Market Watermelon Spears, 590 g",6.47,watermelon_
"Nectarines, Yellow Flesh, Sold in singles, 0.11 - 0.14 kg",0.9,yellow_
"Fresh Thyme, Your Fresh Market, 7 g",0.77,
"Your Fresh Market Pineapple Chunks, 280 g",3.97,pineapple_chunks_
"Corn on the cob, Pack of 4",3.97,corn_
"Your Fresh Market Organic Baby Spinach, 283 g",6.97,baby_spinach_
"Your Fresh Market Iceberg Garden Salad, 340 g",3.47,garden_salad_
"Apple, Macintosh, 3 lb Bag",5.97,apple_macintosh_
"Cucumber, Seedless, Sold in singles",1.77,cucumber_
"Grapes, Green Seedless, 1 Bag, 0.63 - 1.00 kg",6.55,grapes_green_
"Fresh Basil, Your Fresh Market, 28 g",1.97,basil_
"Your Fresh Market Shredded Iceberg Lettuce, 227 g",2.97,shredded_lettuce_
"Fresh Attitude Spring Mix Salad Kit, 5.3 oz",4.97,spring_mix_salad_kit_
"Your Fresh Market Red Potatoes, 5 lb",4.97,red_potatoes_
"Your Fresh Market Organic Carrots, 2 lb",3.97,carrots_
"Your Fresh Market Baby Spinach, 454 g",5.97,baby_spinach_
"Your Fresh Market Sunflower Crunch Salad Kit, 320 g",3.97,sunflower_crunch_salad_kit_
"Potato, White, Your Fresh Market, 5 lb",5.97,potato_white_
"Banana, Sold in singles, 0.15 - 0.23 kg",0.3,banana_
"Strawberries, 1 lb.",4.97,strawberries_
"Haolam String cheese Light Reduced Fat Low-Moisture Mozzarella Cheese, String Cheese",16.97,string_cheese_fat_mozzarella_
"HAOLAM Pizza, Pizza",7.77,pizza_
"Haolam Shredded mozzarella, Mozzarella",7.77,shredded_mozzarella_
"Mehadrin Butter (Unsalted), Butter",11.47,butter_
"MIGDAL American Pasteurized Process American Cheese, American Cheese",32.97,cheese_
"Mehadrin cottage cheese creamed, Cottage cheese creamed",8.97,cottage_cheese_creamed_
"Mehadrin Paper Cheese (Bakers), Cottage Cheese 0.1%",12.47,paper_cheese_cottage_
"Mehadrin Partly Skimmed Chocolate Milk 1% 500ml, Chocolate Milk 500ml",2.47,chocolate_milk_
"Mehadrin Partly Skimmed 2% 1LT. Milk, Milk 2% 1LT",2.97,milk_
"Mehadrin Partly Skimmed 1% 2L Milk, Partly Skimmed Milk 1% 2L",6.27,milk_
"Givat Whipped Plain cream cheese, Whipped Plain cream cheese",6.77,whipped_cream_cheese_
"Mehadrin Greek Cheese Snack, Greek Cheese",4.97,greek_cheese_snack_
"Mehadrin 1% Chocolate Milk 200ml, Chocolate milk",1.17,chocolate_milk_
"KETTLE YOGHURT, Kettle Yoghurt",3.97,yoghurt_
"Castello Jalapeño Havarti Sliced Cheese, 165 g",7.17,sliced_cheese_
"Givat Yummy Kids Vanilla, Kids",1.27,vanilla_
"Natrel Fine-filtered 5% Creamer, 1 L",5.18,natrel_creamer_
"Castello Creamy Havarti Sliced Cheese, 165 g",7.17,creamy_sliced_cheese_
"Liberté Classique 1.5% Drinkable Yogurt, Raspberry Pomegranate, Yogurt Drink, 1 L, 1 L",5.67,yogurt_raspberry_pomegranate_drink_
"Armstrong Swirls Real Cheese Snacks, 12 x 24 g Sticks",7.47,cheese_snacks_sticks_
"Norman Wholemilk pouches Strawberry, Wholemilk pouches",1.97,strawberry_
"Schtark Shredded Mozzarella 2Lbs, MOZZARELLA",29.77,shredded_mozzarella_
"Norman's LOWFAT Yogurt Vanilla M&M, Vanilla M&M",2.47,yogurt_vanilla_
"Schtark Premium Pizza Blend 2Lbs, Schtark Shredded Premium Pizza 2Lbs",29.77,pizza_blend_shredded_
"Plant Up Butter Chik'n Bites, Plant-Based Butter Chik'n Bites",8.97,butter_based_
"E- BGGR  STRWBERRY, E- BGGR  STRWBERRY",8.97,
"Armstrong Mozzarella Real Cheese Snacks, 12 x 28 g Sticks",7.97,mozzarella_cheese_snacks_sticks_
"Natrel Lactose Free Fat Free Skim 0%, 4 L",10.88,natrel_fat_
"Saputo Creamy Havarti Cheese Slices, 160 g",7.17,creamy_cheese_
"Cracker Barrel Cheddar Coloured Mild Cheese, 400g",8.17,cracker_cheddar_cheese_
"Armstrong Combos Mozza & Smoked Salami Sticks, 8 sticks (12 x 180g)",5.57,smoked_salami_sticks_
"Mini Babybel Variety Cheese Snacks 18P, 18 Portions, 360 g",9.87,variety_cheese_snacks_
"Liberte Greek Vanilla 0% Yogourt, 4x100g",4.28,greek_vanilla_yogourt_
"Black Diamond Cheddar Thin Slices, 44 slices, 825 g",10.87,black_cheddar_
"Natrel Coffee Creamer Hazelnut, 1 L",6.48,natrel_coffee_creamer_
"Gay Lea Foods Light Spreadables Butter, 227 g",5.98,foods_butter_
"Saputo Doré-Mi Plain Haloumi Grilling Cheese, 160 g",7.17,cheese_
"The Laughing Cow, Light, Spreadable Cheese 16P, 16 Portions, 267 g",6.97,cheese_
"The Laughing Cow, Original, Spreadable Cheese 16P, 16 Portions, 267 g",6.97,cheese_
"Cracker Barrel Shredded Cheese Habanero Heat, 320g",7.67,cracker_shredded_cheese_
"SILK SOY 890ML, Silk Soy 890ml Coffee Creamer",5.28,soy_coffee_creamer_
"Liberté Greek 2% Extra Fruit Black Cherry Raspberry, High Protein, 650 g, 650 g",5.87,greek_extra_fruit_black_cherry_raspberry_protein_
"Burnbrae Farms EGG Creations Fat Free Original liquid, 500 g",5.98,egg_fat_liquid_
"Naturegg Simply Egg  Whites™ Organic Burnbrae Farms, 500 g / carton",6.97,egg_
"Tre Stelle Lactose Free Deluxe Pizza Mozzarella Cheese, 340 g",7.27,pizza_mozzarella_cheese_
"Gay Lea Fat Free Sour Cream, 500 mL",3.18,fat_sour_cream_
"Armstrong Pizza Mozzarella Shredded Cheese, 320 g",7.17,pizza_mozzarella_shredded_cheese_
"Cracker Barrel Sweet Combo - Medium Cheddar Cheese, Raisins, Almonds and White Chocolat, 3x43g",6.67,cracker_sweet_cheddar_cheese_raisins_almonds_white_
"Pillsbury Ready to Bake™ Reese Peanut Butter Cookie Dough, 20 cookies, 260 g",3.88,pillsbury_reese_peanut_butter_cookie_dough_cookies_
"Nordica on-the-go Single Serve Plain 1% M.F. Cottage Cheese, 4 x 113 g",5.68,serve_cottage_cheese_
"Sealtest Chocolate Parly Skimmed 1% Milk, 473 mL",1.68,chocolate_milk_
"Burnbrae Farms EGG Creations Whole Eggs Original, 500 g",5.98,egg_whole_eggs_
"Natrel Fine-filtered 0% Fat Free Skim Milk, 1 L",3.58,natrel_fat_milk_
"Siggi's Vanilla 0%, 750 g",6.27,vanilla_
"Mini Babybel Swiss Cheese Snacks 6P, 6 Portions, 120 g",3.47,swiss_cheese_snacks_
"Silk Dairy Free Plant Based Almond Yogurt, Vanilla Flavour, 640g Dairy Free Plant Based Yogurt",5.97,dairy_based_almond_yogurt_vanilla_
"The Laughing Cow, Original, Spreadable Cheese 32P, 32 Portions, 535 g",8.67,cheese_
"Pillsbury Sugar Cookie Dough, 468 g",3.48,pillsbury_sugar_cookie_dough_
"Kraft Extra Cheddar Slices, 390g, 14ct, 390g",7.17,kraft_extra_cheddar_
"Silk Organic Soy Beverage, Original, Dairy-Free, Shelf Stable, 946ml Soy Milk",3.47,soy_beverage_dairy_milk_
"Black Diamond Cheestring Lactose Free Marble Cheese, 12 pack, 252g",7.78,black_cheese_
"OIKOS Greek Yogurt, Reduced Sugar, Fat Free, Vanilla, 750g, 750g",6.98,oikos_greek_yogurt_sugar_fat_vanilla_
"Natrel Fine-filtered 10% Half & Half Cream, 1 L",5.38,natrel_half_cream_
"Liberté Greek Crunch Café Latte flavour, 2 x 130 g",4.28,greek_crunch_
"Babybel Mini Rolls Cheese Snacks 6P, 6 Portions, 102 g",4.97,rolls_cheese_snacks_
"SLK PRO VAN 4X95 G, Silk Probiotic Vanilla 4x95g",4.49,vanilla_
"Oikos Extra Creamy Greek Yogurt, Extra Creamy Plain 11%, 750g, 750g Greek Yogurt Tub",6.98,oikos_extra_creamy_greek_yogurt_
"Balderson Royal Canadian Cheddar Cheese Portions 6 Pack, 6 x 21g, 126g",8.17,canadian_cheddar_cheese_
"Blue Diamond Original Unsweetened Almond Breeze, 1.89 L",4.97,blue_almond_
"Sealtest Partly Skimmed 1% Strawberry Milk, 473 mL",1.68,strawberry_milk_
"Blue Diamond Unsweetened Chocolate Almond Breeze, 946 ML",3.27,blue_chocolate_almond_
"Olympic Krema Yogurt Plain 10%, 650 g",5.98,yogurt_
"Double Double-Mate Liquid Coffee Enhancer, 1.9 L",9.27,double_liquid_coffee_
"Activia Probiotic Yogurt, 4x Blueberry, 4x Strawberry & Rhubarb, 8 pack, 8 x 100g",4.98,yogurt_blueberry_strawberry_rhubarb_
"Yoplait Yop 1% Drinkable Yogurt, Mango, Lactose Free Yogurt Drink, 200 mL, 200 mL",1.27,yoplait_yogurt_mango_drink_
"Black Diamond Mexican Shredded Cheese, 320 g",7.67,black_mexican_shredded_cheese_
"Black Diamond Light Cheddar Slices, 22 slices, 410 g",3.97,black_cheddar_
"Silk Oat Beverage, Vanilla, Unsweetened, Dairy-Free, Shelf Stable 946ml, 946ml Shelf Stable Plant Based Milk",3.47,oat_beverage_vanilla_dairy_based_milk_
"Milk2Go 1% Chocolate Partly Skimmed Milk, 310 mL",1.48,chocolate_milk_
"Astro Biobest Probiotic Yogurt Plain 1%, 750 g",3.48,yogurt_
"Our Finest Vintage Cheddar Cheese, 480 g",13.07,cheddar_cheese_
"Cracker Barrel Cheddar White Old Cheese, 400g",8.17,cracker_cheddar_white_cheese_
"Liberté Méditerranée 9% Yogurt, Orchard Peach, 100 g, 4 ct, 4 x 100 g",4.28,yogurt_peach_
"Olympic Organic Yogurt Plain 3.5%, 1.75 kg",10.27,yogurt_
"Philadelphia Original Light Cream Cheese Product, 340g",6.98,cream_cheese_
"Liquid Hazelnut, 0.9 L",5.68,liquid_
"Natrel Lactose Free 1%, 4 L",10.88,natrel_
"Becel Plant Butter Salted 454g, 454g",5.78,butter_salted_
"Danone YoCrunch Yogurt Vanilla With M&M's Topping, 2 x 143 g",3.27,yogurt_vanilla_topping_
"Oikos Fat Free Greek Yogurt, Vanilla Flavour, Blended, 0% M.F., 750g Greek Yogurt Tub",6.98,oikos_fat_greek_yogurt_vanilla_
"Cracker Barrel Shredded Cheese Double Cheddar, 320g",7.67,cracker_shredded_cheese_double_cheddar_
"Natrel Lactose Free Butter, 250 g",6.28,natrel_butter_
"Black Diamond Thick Cheddar Slices, 14 slices, 410 g",3.97,black_cheddar_
"Black Diamond Shredded Mozzarella Cheese, 320 g",7.67,black_shredded_mozzarella_cheese_
"Double Double-mate Liquid Coffee Enhancer, Double Double-mate Liquid Coffee Enhancer",5.68,double_liquid_coffee_
"Philadelphia Whipped Jalapeno Cheddar Cream Cheese Product, 227g",4.58,whipped_jalapeno_cheddar_cream_cheese_
"Armstrong Nibblers Original Natural Snacking Cheese curds, 200g",6.37,cheese_
"Kraft Singles Original Slices, 44 Slices",11.27,kraft_
"Naturegg Simply Egg Whites™ Free Run Burnbrae Farms, 500g",5.47,egg_
"DANINO STRAW BANANA, 6X93ml",3.27,banana_
"Nordica 4% M F Creamed  Cottage Cheese, 500 g",4.98,creamed_cottage_cheese_
"Caramel Macchiato Liquid Coffee Enhancer, 0.9 L",5.68,caramel_liquid_coffee_
"Silk Creamy Cashew Beverage, Unsweetened Original, Dairy-Free, 1.89L, 1.89L Cashew Milk",4.78,creamy_cashew_beverage_dairy_milk_
"Silk NextMilk, Plant Based Dairy Free Milk, Regular, 1.74L Dairy like Milk",4.78,based_dairy_milk_
"Natrel Plus 2% Milk, 2 L",7.48,natrel_milk_
"Silk Protein Plant-Based Yogurt, Key Lime flavoured, 500 g",5.97,protein_based_yogurt_lime_
"Gay Lea Foods Gay Lea Gold Sour Cream, Premium 425mL",3.18,foods_sour_cream_
"Activia Probiotic Yogurt, Raspberry/Apple/Blackberry/Strawberry Flavour, 12x100g, 12 x 100g",6.78,yogurt_raspberry_apple_blackberry_strawberry_
"Gay Lea Butter Grass Fed Unsalted 250g, Gay Lea Grass Fed Unsalted Butter 250g",7.98,butter_
"Silk Oat Beverage, Plain, Unsweetened, Dairy-Free, Shelf Stable 946ml, 946ml Shelf Stable Plant Based Milk",3.47,oat_beverage_dairy_based_milk_
"Silk Organic Coconut Beverage, Unsweetened, Dairy-Free, Shelf Stable, 946ml Shelf Stable Plant Based Milk",3.27,coconut_beverage_dairy_based_milk_
"Gay Lea Salted Butter Convenient Sticks, 454 g",6.98,salted_butter_sticks_
"Cracker Barrel Medium Cheddar Cheese Slices, 12 Slices",6.67,cracker_cheddar_cheese_
"IMPERIAL MARG 212G, 212g",2.68,imperial_
"Liberté Greek 0% Yogurt, Vanilla, High Protein, 750 g, 750 g",5.87,greek_yogurt_vanilla_protein_
"Activia Yogurt with Probiotics, Strawberry Flavour, 12x100g, 12 x 100g yogurt cups",6.78,yogurt_strawberry_
"Natrel Lactose Free 35% Whipping Cream, 473 mL",4.88,natrel_cream_
"Astro Original Strawberry Delight Yogurt, 12 x 100 g",5.98,strawberry_yogurt_
"Natrel Fine-filtered 2% Milk, 1 L",3.78,natrel_milk_
"Natrel Fine-filtered 3.25% Homogenized Milk, 2 L",5.78,natrel_homogenized_milk_
"Oikos Greek Yogurt, Plain, No Added Sugar, 2% M.F., 4 x 100g Greek Yogurt Cups",4.28,oikos_greek_yogurt_added_sugar_
"Activia Yogurt with Probiotics, Lactose Free, Strawberry, Blueberry, Peach, Mango Flavour, 12x100g, 12 x 100g",6.78,yogurt_strawberry_blueberry_peach_mango_
"Imperial Non-Hydrogenated Margarine, 1.36 kg",8.98,imperial_non_margarine_
"Cracker Barrel Cheddar Coloured Old Cheese, 400g",8.17,cracker_cheddar_cheese_
"Astro Original Balkan Style All-Natural Yogourt, 12×100 g",5.98,style_yogourt_
"Yoplait 1% Yogurt Tubes, Cotton Candy, Kids Snacks, 56 g, 8 ct, 8 x 56 g",3.48,yoplait_yogurt_candy_snacks_
"Cracker Barrel Marble Cheddar Cheese Slices, 12 Slices",6.67,cracker_cheddar_cheese_
"Yoplait Yop 1% Drinkable Yogurt, Tropical, Yogurt Drink, 200 mL, 200 mL",1.27,yoplait_yogurt_tropical_drink_
"Activia Yogurt with Probiotics, Plain 3.2% M/F., 650g, 650g Yogurt Tub",4.58,yogurt_
"Oikos High Protein Greek Yogurt, Vanilla Flavour, Blended, Value Tub, 650g Greek Yogurt Tub",6.98,oikos_protein_greek_yogurt_vanilla_
"Silk Organic Soy Beverage, Unsweetened Original, Dairy-Free, 1.89L, 1.89L Organic Soy Milk",4.78,soy_beverage_dairy_milk_
"Pillsbury Grands! Crescents, Croissant Rolls, Ready to Bake, 318 g, 4 ct, Dough for 4, 318 g",3.48,pillsbury_croissant_rolls_dough_
"Astro Original Plain Yogurt 2%, Balkan Style, 750 g",3.48,yogurt_style_
"Oikos Greek Yogurt, Blueberry Flavour, Fruit on the Bottom, 2% M.F., 4 x 100g Greek Yogurt Cups",4.28,oikos_greek_yogurt_blueberry_fruit_
"Liberté Greek 2% Yogurt, Plain, High Protein, 750 g, 750 g",5.87,greek_yogurt_protein_
"Pillsbury Chocolatey Chunk Cookie Dough, 468 g",3.48,pillsbury_cookie_dough_
"Great Value Margarine with Olive Oil, 1.7 kg",9.98,margarine_olive_oil_
"Sealtest 10% Half & Half Coffee Cream, 473 mL",3.18,half_coffee_cream_
"Activia Yogurt with Probiotics, Peach Flavour, 650g, Yogurt",4.58,yogurt_peach_
"Gay Lea Salted Butter, 454 g, 1 lb",7.48,salted_butter_
"Heluva Good! Dill Pickle Sour Cream Dip, 250 g",3.98,dill_sour_cream_dip_
"Oikos Fat Free Greek Yogurt, High Protein, Plain, 0% M.F., 650g Greek Yogurt Tub",6.98,oikos_fat_greek_yogurt_protein_
"Yoplait 1% Yogurt Tubes, Fruit Punch / Strawberry-Banana, Kids Snacks, 56 g, 8 ct, 8 x 56 g",3.48,yoplait_yogurt_fruit_punch_strawberry_banana_snacks_
"Yoplait 1% Yogurt Tubes, Mixed Berry, Kids Snacks, 56 g, 8 ct, 8 x 56 g",3.48,yoplait_yogurt_mixed_snacks_
"Philadelphia Original Brick Cream Cheese, 250g",4.58,cream_cheese_
"Natrel Fine-filtered 1% Milk, 2 L",5.38,natrel_milk_
"Oikos Fat Free Greek Yogurt, Peach-Mango Flavour, Fruit on the Bottom, 0% M.F., 4 x 100g Greek Yogurt Cups",4.28,oikos_fat_greek_yogurt_peach_mango_fruit_
"Mini Babybel Original Cheese Snacks 12P, 12 Portions, 240 g",10.18,cheese_snacks_
"Pillsbury Crescents Original, 226 g",2.48,pillsbury_
"Philadelphia Herb & Garlic Cream Cheese Product, 227g",4.58,herb_garlic_cream_cheese_
"JUST Plant Egg, 4 folded plant eggs, 227g",6.37,egg_eggs_
"International Delight Coffee Creamer, Caramel Macchiato flavour, Coffee Whitener, 946ml Coffee Whitener",5.78,coffee_creamer_caramel_
"Pillsbury Pie Crusts, Refrigerated Pre-Made Dough, 400 g, 2 Pie Crusts, 400 g",3.48,pillsbury_pie_made_dough_
"Siggi's Skyr Yogurt Plain 0%, High Protein, 750 g",6.27,yogurt_protein_
"Siggi's Skyr Yogurt Strawberry 2%, High Protein, 650 g",6.27,yogurt_strawberry_protein_
"Yoplait Yop 1% Drinkable Yogurt Pack, Strawberry, Blueberry, Raspberry, and Strawberry Banana, Yogurt Drinks, 200 mL, 12 ct, 12 x 200 mL",11.27,yoplait_yogurt_strawberry_blueberry_raspberry_banana_
"Sealtest Chocolate Parly Skimmed 1% Milk, 750 mL",2.08,chocolate_milk_
"Pillsbury Country Biscuits, Ready to Bake Dough, 340 g, 10 ct, Dough for 10, 340 g",3.48,pillsbury_dough_
"Becel Margarine Original, 427g",3.98,margarine_
"Dahi Yogurt Plain 3%, 750g",3.14,yogurt_
"IOGO 0%STR-VAN-PC-RA, 16x100g",6.98,
"Our Finest Raspberry Pomegranate Greek Yogurt, 4 x 100 g",3.48,raspberry_pomegranate_greek_yogurt_
"Your Fresh Market Havarti Cheese with Jalapeño, 160 g",6.98,cheese_
"Great Value Sour Cream and Lime Creme - Inspired by Mexico 250 mL, 250 mL",2.97,sour_cream_lime_creme_
"Earth's Own Oat Zero Sugar Beverage Vanilla 946ml, Earth's Own Oat Milk, Zero Sugar, Vanilla, 0 Sugar, Plant-Based Beverage, Dairy-Free, Gluten-Free 946ml",2.97,oat_sugar_beverage_vanilla_milk_based_dairy_
"iÖGO Creamy Yogurt Pineapple-Coconut-Banana, Vanilla, Lemon-Lime and Peach-Mango 1.5%, 16 x 100 g",6.98,creamy_yogurt_pineapple_coconut_banana_vanilla_lemon_lime_peach_mango_
"Great Value Mozzarella Style Pizza Mozzarella Cheese, 16 pack (336 g)",6.48,mozzarella_style_pizza_cheese_
"Great Value Strawberry Banana Drinkable Yogurt, 6 x 93 mL",3.50,strawberry_banana_yogurt_
"Your Fresh Market Medium Cheddar Cheese, 170 g",6.98,cheddar_cheese_
"Sealtest 35% Whipping Cream, 1 L",7.98,cream_
"Wholly Guacamole Minis Classic Guacamole, 4.57 g",4.97,guacamole_classic_
"Great Value Unsalted Churned Butter Sticks, 4 Sticks, 454 g",7.68,butter_sticks_
"Great Value Thick Cheddar Style Process Cheese Slices, 410 g, 14 slices",3.97,cheddar_style_cheese_
"Our Finest Vanilla Greek Yogurt, 750 g",4.72,vanilla_greek_yogurt_
"Your Fresh Market Havarti Sliced Cheese 35% Mf, 160 grams",6.98,sliced_cheese_
"Your Fresh Market Marble Cheddar Cheese Slices, 180 g",6.98,cheddar_cheese_
"Gray Ridge Premium Large White Eggs, 18 Count",6.68,white_eggs_
"GoldEgg Golden D Vitamin D Enriched Large Eggs, 18 Count",8.83,golden_eggs_
"Great Value Light Cream Cheese, 250 g",2.97,cream_cheese_
"iÖGO Nanö Drinkable Yogurt Lactose Free Apple-Grape 1%, 650 g",4.28,yogurt_apple_grape_
"fairlife Whole Ultrafiltered Milk 1.5L Bottle, 1.5 x L",5.98,whole_milk_
"Great Value Old Cheddar Cheese Slices, 210 g, 11 Slices",4.97,cheddar_cheese_
"iÖGO Creamy Yogurt Strawberry Raspberry Blueberry Vanilla 1.5%, 16 x 100 g",6.98,creamy_yogurt_strawberry_raspberry_blueberry_vanilla_
"Great Value 2% Cottage Cheese, 500 g",3.98,cottage_cheese_
"Sealtest Partly Skimmed 2% Milk, 4 L bag",6.08,milk_
"Great Value Havarti Cheese, 400 g",6.17,cheese_
"fairlife Skim Ultrafiltered Milk 1.5L Bottle, 1.5 x L",5.98,milk_
"Great Value Medium Cheddar Cheese Slices, 230 g, 12 Slices",4.97,cheddar_cheese_
"Great Value 1% Cottage Cheese, 750 g",5.48,cottage_cheese_
"Great Value Cream Cheese Spread Herb & Garlic, 227 g",2.97,cream_cheese_spread_herb_garlic_
"Great Value Pizza Mozzarella Cheese, 400 g",6.17,pizza_mozzarella_cheese_
"Great Value Old Cheddar Cheese, 400 g",6.17,cheddar_cheese_
"Brar's Malai Paneer, 375 g",5.97,paneer_
"IÖGO nanö 1% Strawberry Drinkable Yogurt, 6 x 93 mL",4.28,strawberry_yogurt_
"Great Value Sour Cream, 500 mL",2.48,sour_cream_
"Great Value Marble Cheddar Cheese, 400 g",6.17,cheddar_cheese_
"Great Value Salted Butter, 454 g",5.88,salted_butter_
"Great Value Half & Half Cream, 1 L",3.18,half_cream_
"Great Value XL White Eggs, 12 Count",4.57,white_eggs_
"Great Value Large Eggs, 12 Count",3.87,eggs_
"Smoky Hot Sauce, Naagin Smoky Sauce",7.99,hot_sauce_
"E-ALTRA DRESSING, E-ALTRA DRESSING",4.47,dressing_
"Litehouse Homestyle Ranch Dip, 13fl",4.67,ranch_dip_
"Renée’s Balsamic Vinaigrette, 350 mL Bottle, Balsamic Vinaigrette",5.77,
"Hellmann's Real Mayonnaise, 890 mL Mayonnaise",5.97,mayonnaise_
"Renée’s Light Caesar Dressing, Light Caesar",7.97,caesar_dressing_
"SKINNYGIRL DRESSING POPPYSEED, SKINNYGIRL DRESSING POPPYSEED",2.97,dressing_poppyseed_
"Kraft Golden Italian Salad Dressing, 425 mL Bottle, KRAFT GOLDEN ITALIAN DRESSING 425",3.77,kraft_golden_italian_salad_dressing_
"Bull's-Eye Sweet & Sticky BBQ Sauce, 425mL",3.47,sweet_bbq_sauce_
"Tangy Thai Salad Dressing, Ocean's Halo, Organic, Soy Free, Spicy, Vegan, 12 fl oz, Tangy Thai Salad Dressing",4.97,thai_salad_dressing_ocean_soy_vegan_
"J.L. KRAFT Pure Pomegranate Zaatar Dressing & Marinade, 355 mL Bottle, J.L. Kraft Pure – POMEGRANATE ZAATAR 355",5.47,kraft_pomegranate_dressing_marinade_
"Miracle Whip Calorie Wise Spread, 650mL",4.97,miracle_whip_calorie_spread_
"Lady's Choice Sandwich Spread, 470 ml",4.47,sandwich_spread_
"Mother's Recipe Punjabi Teekha Mango Pickle, 500 g",3.78,mango_
"French's, Classic Yellow Mustard, 225mL",2.07,french_classic_yellow_mustard_
"Bull's-Eye Honey Garlic Bonanza BBQ Sauce, 425mL",3.47,honey_garlic_bbq_sauce_
"Hellmann's Real Mayonnaise, 890 mL Mayonnaise",5.97,mayonnaise_
"A.1. Original Steak Sauce, 400mL",5.47,steak_sauce_
"Keen's Prepared, Hot Mustard, 100mL",2.77,hot_mustard_
"Kraft Golden Italian Salad Dressing, 425 mL Bottle, KRAFT GOLDEN ITALIAN DRESSING 425",3.77,kraft_golden_italian_salad_dressing_
"Kraft BBQ Sauce, Light, 455mL",1.97,kraft_bbq_sauce_
"J.L. KRAFT Pure Pomegranate Zaatar Dressing & Marinade, 355 mL Bottle, J.L. Kraft Pure – POMEGRANATE ZAATAR 355",5.47,kraft_pomegranate_dressing_marinade_
"Our Finest Whole Colossal Olives, 375 mL",4.47,whole_olives_
"TABASCO SRIRACHA, E-TABASCO TABASCO SRIRACHA",4.97,tabasco_sriracha_
"Our Finest Bold & Smoky Tequila BBQ Sauce, 375 mL",3.47,tequila_bbq_sauce_
"Unico Sliced Pizza Olives, 375 mL",3.27,sliced_pizza_olives_
"Great Value Secret Recipe Series Poblano Queso Crema Sauce, 250 mL",2.97,queso_sauce_
"Renée’s Caesar Dressing, Caesar Dressing",5.47,caesar_dressing_
"Kraft Coleslaw Dressing, 425 mL Bottle, KRAFT COLESLAW DRESSING 425",3.77,kraft_coleslaw_dressing_
"Our Finest Artisan Style Honey Wood Smoked BBQ Sauce, 375 mL",3.47,style_honey_smoked_bbq_sauce_
"Great Value Baby Dill Extra Garlic Pickles, 1 L",3.27,baby_dill_extra_garlic_pickles_
"Hellmann's Real Mayonnaise, 890 mL Mayonnaise",5.97,mayonnaise_
"Kraft Zesty Italian Salad Dressing, 425 mL Bottle, KRAFT ZESTY ITALIAN DRESSING 425",3.77,kraft_italian_salad_dressing_
"Great Value Whole Kalamata Olives, 375 mL",3.47,whole_olives_
"Kraft Golden Italian Salad Dressing, 425 mL Bottle, KRAFT GOLDEN ITALIAN DRESSING 425",3.77,kraft_golden_italian_salad_dressing_
"Kraft BBQ Sauce, Chicken & Rib, 455mL",1.97,kraft_bbq_sauce_chicken_
"EXTREME PICKLE SPEAR  GARLIC & DILL, EXTREME PICKLE SPEAR  GARLIC & DILL 750ml",4.97,garlic_dill_
"J.L. KRAFT Pure Pomegranate Zaatar Dressing & Marinade, 355 mL Bottle, J.L. Kraft Pure – POMEGRANATE ZAATAR 355",5.47,kraft_pomegranate_dressing_marinade_
"Great Value Sweet and Hot Prepared Mustard, 325 mL",1.97,sweet_hot_mustard_
"Great Value Real Mayonnaise, 750 mL",5.27,mayonnaise_
"Great Value Tangy Dill Sandwich Pickles, 500 mL",2.97,dill_sandwich_pickles_
"Great Value Prepared Yellow Mustard, 400 mL",1.27,yellow_mustard_
"Great Value Real Mayonnaise, 890 mL",4.27,mayonnaise_
"Hellmann's Real Mayonnaise, 890 mL Mayonnaise",5.97,mayonnaise_
"Great Value Sliced Black Olives, 398 mL",1.97,sliced_black_olives_
"Great Value Sweet Green Relish, 375 mL",1.47,sweet_green_relish_
"Kraft Golden Italian Salad Dressing, 425 mL Bottle, KRAFT GOLDEN ITALIAN DRESSING 425",3.77,kraft_golden_italian_salad_dressing_
"Great Value Parmesan & Garlic Flavour Caesar Croutons, 142 g",2.47,parmesan_garlic_caesar_croutons_
"Great Value Baby Dill Pickles, 1 L",3.27,baby_dill_pickles_
"J.L. KRAFT Pure Pomegranate Zaatar Dressing & Marinade, 355 mL Bottle, J.L. Kraft Pure – POMEGRANATE ZAATAR 355",5.47,kraft_pomegranate_dressing_marinade_
"Great Value Ranch Dressing, 475 mL",2.77,ranch_dressing_
"Cathalem Women's Cotton Dress Socks Cute Crew Cotton Turn-Cuff Socks Soft Kint Teen Girls Lettuce Frilly Socks,Yellow One Size",5.16,lettuce_yellow_
"Cathalem Women Thin Bamboo Socks Casual Cute Ankle Socks Breathable Knit Cotton Warm Soft Frilly Crew Socks for Women,Green One Size",5.17,bamboo_green_
"EG TF CINN BRWN SGR FRZ WFL-ᶃT 330GMX8, EG TF CINN BRWN SGR FRZ WFL-ᶃT 330GMX8",3.97,
"Great Value Quick Cook Steel Cut Oats, Great Value Quick Cook Steel Cut Oats 1 kg",2.77,cut_oats_
"Great Value Buttermilk Pancakes, 936 g",6.47,buttermilk_pancakes_
"Great Value Crispy Rice Cereal, 340 g",2.97,crispy_rice_cereal_
"Post Shreddies Original Cereal, Jumbo Size, 1.24 kg",9.47,cereal_
"Great Value Banana Nut Granola, 400g",3.97,banana_nut_granola_
"Kellogg's Vector Meal Replacement Cereal, 400g, 400g",5.97,meal_replacement_cereal_
"Cinnamon Toast Crunch Kids Breakfast Cereal, Family Size, Whole Grains, 591 g, 591 g",6.97,cinnamon_toast_crunch_breakfast_cereal_whole_grains_
"Reese's Puffs Minis Breakfast Cereal, Peanut Butter Chocolate, Whole Grains, 331 g",4.97,reese_puffs_breakfast_cereal_peanut_butter_chocolate_whole_grains_
"Kellogg’s Corn Pops Cereal, Jumbo Size, 730g, 730g",9.77,corn_pops_cereal_
"Apple Jacks Cereal 345g, Limited Time Only",2.97,apple_cereal_
"Cheerios VEGGIE blends Blueberry Banana Cereal, Whole Grains, 300 g",3.97,blueberry_banana_cereal_whole_grains_
"Oatmeal Crisp Breakfast Cereal, Almond, Family Size, High Fibre, 628 g, 628 g",6.97,oatmeal_crisp_breakfast_cereal_almond_
"Cinnamon Toast Crunch Loaded Cereal, Whole Grains, 368 g",3.97,cinnamon_toast_crunch_cereal_whole_grains_
"Nesquik Chocolate Breakfast Cereal, Whole Grains and Fibre, 340 g, 340 g",4.97,chocolate_breakfast_cereal_whole_grains_
"EGGO Buttermilk Pancakes, 280G (8 pancakes), EG BTRMLK FRZ PANC 8CT 280GMX16",2.97,buttermilk_pancakes_
"EG TF CINN BRWN SGR FRZ WFL-ᶃT 330GMX8, EG TF CINN BRWN SGR FRZ WFL-ᶃT 330GMX8",3.97,
"Quaker Large Flake Oats, 1kg",3.97,oats_
"Cinnamon Chex Breakfast Cereal, Gluten Free, Whole Grains, 345 g",4.97,cinnamon_breakfast_cereal_whole_grains_
"Multi Grain Cheerios Breakfast Cereal, Whole Grains, 342 g, 342 g",4.97,breakfast_cereal_whole_grains_
"WAFFLE MINIS, WAFFLE MINIS",4.67,waffle_
"Original Cheerios Breakfast Cereal, Whole Grains, 350 g",4.97,breakfast_cereal_whole_grains_
"Quaker Life Original Cereal, 450g",4.97,cereal_
"Vector Maple Cereal 306g, Provides 10g of protein",5.97,maple_cereal_protein_
"MadeGood Strawberry Granola Minis 5pk, 5 x 24 g",3.97,strawberry_granola_
"Post Timbits Cereal Chocolate Glazed, Weight 326g",4.67,cereal_chocolate_
"Post Honeycomb Cereal, 400 g",4.67,cereal_
"Great Value Quick Oats 1 kg, 100% Whole Grain Rolled Oats",2.77,oats_whole_
"POST SHREDDIES FAMILY SIZE, POST SHREDDIES FAMILY SIZE",4.47,
"POST RAISIN BRAN FAMILY SIZE, POST RAISIN BRAN FAMILY SIZE",4.47,bran_
"Post Shreddies Original Cereal, Retail Size, 440 g, Post Shreddies Original Cereal 440g",4.67,cereal_
"POST HONEYCOMB FAMILY SIZE, POST HONEYCOMB FAMILY SIZE",4.47,
"Post Honey Shreddies Cereal, Retail Size, 440 g, E-SHREDDIES HONEY SHREDDIES",4.67,honey_cereal_
"Post Oreo O’s® Cereal, 311g",4.67,cereal_
"POST RAISIN BRAN, POST RAISIN BRAN RETAIL SIZE",4.67,bran_
"Post Sugar Crisp Cereal, 365 g",4.67,sugar_crisp_cereal_
"E-CROWN BABY CORN CUT, E-CROWN BABY CORN CUT",2.67,baby_corn_cut_
"E-ALTRA BRUSSELS SPROUTS, E-ALTRA BRUSSELS SPROUTS",11.97,brussels_sprouts_
"SOLID W TUNA/WATER, Kosher",4.47,tuna_water_
"Suntat Roasted Eggplant 660g, 660 g",4.97,eggplant_
"SUNBULAH OKRA ZERO, Frozen Okra Zero, 400g",4.97,okra_frozen_
"SDF PKL CUCUMBER DIL, SDF PKL CUCUMBER DIL",4.97,cucumber_
"Foodfest Gefilte Fish Roll Sweet KPY 500g, Gefilte Fish Roll Sweet KPY",10.97,gefilte_fish_roll_sweet_
"SlimFast Original French Vanilla Meal Replacement Shake Mix, 1.2 kg - 36 servings",29.98,french_vanilla_meal_replacement_shake_mix_
"SUNBULAH BROAD BEANS, Frozen Broad Beans, 450g",5.47,beans_frozen_
"Del Monte® Verry Cherry in 100% fruit juice from concentrate, 112.5ML",17.97,cherry_fruit_juice_
"Kosa Canned Bamboo Slice, 540g",2.57,bamboo_slice_
"GOLD SEAL PINK SALMON 418G, GS PINK SALMON 418G",5.97,pink_salmon_
"Clover LEAF® Tuna Snacks - Classic, 90 g",1.97,leaf_tuna_snacks_classic_
"Ocean Spray® Jellied Cranberry Sauce, 348 mL",2.77,ocean_cranberry_sauce_
"PRIMO NO SALT ADDED CHICK PEAS, CANNED BEANS - CHICK PEAS - NO SALT ADDED - 540ml",1.77,salt_added_chick_peas_beans_
"BUSH'S® Homestyle Tangy Sauce with Bacon And Brown Sugar Baked Beans, 398 mL",2.47,sauce_bacon_brown_sugar_baked_beans_
"Brunswick Sardines in Spring Water, 106 g",1.97,brunswick_sardines_spring_water_
"Rio Mare Solid Light Tuna in Olive Oil, 3 x 80g",6.97,tuna_olive_oil_
"Aylmer Accents Tomatoes, Diced Stewed Chili, 540 ml",2.67,tomatoes_stewed_chili_
"Campbell's® Chunky® Chicken à la King Ready to Serve Soup, Ready to Serve Soup 515 mL",1.97,chicken_king_serve_soup_
"Sardines in Tomato Sauce, 555 Sardines in Tomato Sauce",1.07,sardines_tomato_sauce_
"Hunt's® Onion, Herbs and Spices Tomato Sauce, 680 mL",2.47,onion_tomato_sauce_
"Campbell's® Creamy Tomato Ready to Serve Soup, Ready to Serve Soup 515 mL",2.97,creamy_tomato_serve_soup_
"PRIMO BLACK BEANS, CANNED BEANS - BLACK BEANS - 540ml",1.77,black_beans_
"Primo Diced Tomatoes, Diced Tomatoes",2.27,tomatoes_
"Old El Paso Mexican Refried Beans, Pinto Beans, 398 ml, 398 mL",3.97,mexican_refried_beans_pinto_
"Mutti Whole Peeled Tomatoes 796mL, Mutti Pelati",4.77,whole_tomatoes_
"Verka Kesar Mango Pulp, 850 g",4.27,mango_pulp_
"Old El Paso Chopped Green Chilies, 113mL",2.47,chopped_green_
"Clover LEAF® Chunk Light Tuna in Water, 170 g",1.97,leaf_tuna_water_
"Campbell's® Chunky® Vegetable Beef Ready to Serve Soup, Ready to Serve Soup 515 mL",1.97,vegetable_beef_serve_soup_
"Great Value Peach Halves in Fruit Juice from Concentrate, 398 mL",1.97,peach_fruit_juice_
"Unico Sundried Tomatoes in Oil, 210 mL",4.47,sundried_tomatoes_oil_
"Great Value Pear Halves in Fruit Juice from Concentrate, 796 mL",3.47,pear_fruit_juice_
"Hunt's® Original Tomato Paste, 156 mL",1.47,tomato_paste_
"Great Value Original Applesauce 620 mL, Great Value Sweetened Applesauce",1.97,applesauce_sweetened_
"Great Value Flaked Light Tuna, 170 g",0.97,tuna_
"Great Value Chunk Light Tuna, 170 g (120 g drained), Skipjack in Water",0.97,tuna_water_
"Great Value No Salt Added Diced Tomatoes, 796 mL",1.77,salt_added_tomatoes_
"Great Value Whole Kernel Corn, 341 mL",1.27,whole_kernel_corn_
"Great Value No Salt Chick Peas, 540 mL",1.47,salt_chick_peas_
"Green Giant Canned Peaches And Cream Whole Kernel Corn. Perfect As A Side Or In A Recipe., G Giant Canned Peaches & Cream",1.97,green_peaches_cream_whole_kernel_corn_side_
"Green Giant Canned Whole Kernel Corn Niblets. Grown & Packed In Canada., G Giant Canned Whole Kernel Cor",1.97,green_whole_kernel_corn_
"Great Value Dark Red Kidney Beans, 540 mL",1.47,dark_red_kidney_beans_
"Great Value Black Turtle Beans, 540 mL",1.47,black_turtle_beans_
"Great Value Chick Peas, 540 mL",1.47,chick_peas_
"Great Value Red Lentils, 900 g",2.97,red_lentils_
"Great Value Chick Peas, 900 g",2.97,chick_peas_
"Great Value Green Lentils, 900 g",2.97,green_lentils_
"Great Value Red Kidney Beans, 900 g",2.97,red_kidney_beans_
"Great Value Black Turtle Beans, 900 g",2.97,black_turtle_beans_
"Great Value Yellow Split Peas, 900 g",2.97,yellow_split_peas_
"Great Value Pearl Barley, 450 g",1.97,barley_
"Remix Snacks Bean Bark Cranberry Dark Chocolate 100g, 70% dark chocolate",4.97,snacks_bean_cranberry_dark_chocolate_
"GUXIN MUNG BEANS, GUXIN MUNG BEANS",6.97,mung_beans_
"PEAS, PEAS",0.97,peas_
