Search,Item, Price
apple+juice,"Great Value 100% Pure Apple Juice from Concentrate, 1L",1.48
apple+juice,"Great Value 100% Low Acid Pure Apple Juice, 1.89L",3.28
apple+juice,"Allen's Pure Apple Juice Low Acid, 1 L",1.48
apple+juice,"Smoothie Tropical Mango, 1.6 L",4.48
apple+juice,"Great Value 100% pure Apple Juice from Concentrate with vitamin C added, 1.75L",3.48
apple+juice,"Allen's Pure Apple Juice Low Acid, 8 x 200 ML",2.47
apple+juice,"Allen's Pure Apple Juice Low Acid, 1.89 L",3.18
apple+juice,"Minute Maid 100% Apple Juice From Concentrate 200mL carton 8 pack, 200 x mL",2.97
apple+juice,"Great Value Apple Juice from concentrate, 8x200mL",2.78
apple+juice,"Honest Kids Apple 200 mL carton, 5 Pack, 200 x mL",2.97
